,Keyword,Avg. monthly searches
0,túi xách nữ,50000
1,túi xách nữ hàng hiệu,5000
2,túi xách nữ đẹp,5000
3,túi xách nữ hàng hiệu cao cấp,500
4,túi xách nữ cao cấp,5000
5,mua túi xách nữ hàng hiệu giảm giá,500
6,túi da nữ,500
7,túi xách nữ hàn quốc,500
8,túi xách công sở nữ,500
9,tui xach nu,500
10,thương hiệu túi xách nữ,500
11,mua túi xách nữ,500
12,túi xách nữ da thật,500
13,túi xách da nữ,500
14,túi xách tay nữ,500
15,túi xách nữ đeo chéo,500
16,túi xách laptop nữ,500
17,túi xách nữ chính hãng,500
18,túi xách trung niên,500
19,các hãng túi xách nữ,500
20,shop balo nữ,500
21,túi xách nữ trung niên,500
22,mẫu túi xách nữ,500
23,túi xách nữ giá rẻ,500
24,túi xách nữ công sở,500
25,túi xách công sở nữ đựng laptop,500
26,túi xách du lịch nữ,500
27,túi xách nữ da bò xịn,50
28,túi xách đựng laptop nữ,500
29,túi xách nữ size lớn hàng hiệu,500
30,shop túi xách nữ,500
31,túi xách đeo chéo nữ,500
32,túi xách mini nữ hàng hiệu,500
33,túi xách công sở nữ hàng hiệu,500
34,balo công sở nữ,500
35,túi xách da bò nữ,500
36,mẫu túi xách nữ đẹp 2022,50
37,tui xách nữ,50000
38,túi da cá sấu nữ,50
39,túi xachs nữ,50
40,túi xách nữ to,500
41,túi xách tay nữ hàng hiệu,50
42,túi xách nữ hàng quảng châu cao cấp,500
43,balo túi xách nữ,500
44,túi xách đẹp cho nữ,500
45,bachhoaonline68,50
46,balo chéo nữ,50
47,balo chính hãng nữ,50
48,balo công sở nữ đẹp,50
49,balo da nữ chính hãng,50
50,balo da nữ màu đen,50
51,balo kiêm túi xách nữ,50
52,balo mini đeo chéo nữ,50
53,balo nu hang hieu,50
54,balo nữ công sở,50
55,balo nữ giá rẻ dưới 100k,50
56,balo nữ hàng hiệu xách tay,50
57,balo nữ hãng nào đẹp,50
58,balo nữ hồng,50
59,balo nữ màu tím,50
60,balo nữ màu vàng,50
61,balo nữ màu xanh,50
62,balo nữ màu xanh dương,50
63,balo nữ màu xanh rêu,50
64,balo nữ màu xám,50
65,balo nữ màu đỏ,50
66,balo nữ size lớn,50
67,balo nữ siêu nhẹ,50
68,balo nữ to,50
69,balo nữ trẻ em,50
70,balo nữ xuất khẩu,50
71,balo đeo chéo nữ,50
72,balo đeo chéo nữ đi học,50
73,balo đeo lưng nữ,50
74,balo đeo nữ,50
75,balo đựng ipad nữ,50
76,balo đựng macbook cho nữ,50
77,bop xach tay nu,50
78,bán túi xách nữ,50
79,bóp nữ đeo vai,50
80,bóp túi xách nữ,50
81,bóp xách tay nữ,50
82,bóp đeo nữ,50
83,bóp đầm túi xách nữ,50
84,cac mau tui xach dep,50
85,ceekay bag của nước nào,50
86,ceekay của nước nào,50
87,chỗ bán ví nữ đẹp,50
88,các hiệu túi xách nữ,50
89,các hãng túi xách nữ bình dân,50
90,các hãng túi xách nữ giá bình dân,50
91,các hãng túi xách nữ nổi tiếng,50
92,các hãng túi xách nữ tầm trung,500
93,các hãng túi xách nữ đẹp,50
94,các hãng ví nữ,50
95,các hãng ví nữ nổi tiếng,50
96,các kiểu túi xách nữ,50
97,các kiểu túi xách nữ đẹp,50
98,các kiểu túi xách đeo chéo đẹp,50
99,các loại túi xách nữ,500
100,các loại túi xách nữ hàng hiệu,50
101,các mẫu túi xách nữ,50
102,các mẫu túi xách nữ đẹp,50
103,các shop bán ví nữ đẹp,50
104,các shop bán ví nữ đẹp trên instagram,50
105,các thương hiệu balo nữ nổi tiếng,50
106,các thương hiệu túi xách nữ,50
107,các thương hiệu túi xách nữ bình dân,50
108,các thương hiệu túi xách nữ nổi tiếng,50
109,các thương hiệu ví nữ,50
110,các thương hiệu ví nữ nổi tiếng,50
111,cách đeo dây balo forever young,50
112,cách đeo túi xách nữ,50
113,cặp da nữ hàng hiệu,50
114,cặp sách nữ,500
115,cặp sách nữ đẹp,50
116,cặp sách đẹp cho nữ,50
117,cặp xách mini nữ,50
118,cặp xách tay nữ,50
119,cặp xách đeo chéo nữ,50
120,cửa hàng bán túi xách nữ,50
121,cửa hàng bán ví nữ,50
122,cửa hàng túi xách nữ,50
123,cửa hàng túi xách nữ gần đây,500
124,cửa hàng ví nữ,50
125,dây đeo túi xách nữ,50
126,foxer túi xách,50
127,giay nu hang hieu xach tay,50
128,gio xach nu,50
129,gio xach nu thoi trang,50
130,giovanni túi xách nữ,50
131,giá túi da cá sấu nữ,50
132,giá túi lesac,50
133,giá túi xách nữ,50
134,giảm giá túi xách nữ,50
135,giỏ cầm tay nữ,50
136,giỏ xách da nữ,50
137,giỏ xách du lịch nữ,50
138,giỏ xách nữ cao cấp,50
139,giỏ xách nữ thời trang,50
140,giỏ xách tay nữ,50
141,giỏ đựng laptop nữ,50
142,hapas túi xách,500
143,hiệu túi xách nữ,50
144,hãng túi ceekay,50
145,hãng túi ceekay của nước nào,50
146,hãng túi lesac,50
147,hãng túi xách foxer,0
148,hãng túi xách nữ,500
149,hãng túi xách nữ nổi tiếng,50
150,hãng ví nữ nổi tiếng,50
151,jasmin noir túi xách,50
152,jasmin noir túi xách của nước nào,50
153,kích thước túi xách nữ,50
154,lata túi xách,50
155,lesac ví,500
156,mau tui xach nu,50
157,mua tui xach nu,50
158,mua tui xach nu o dau dep va re,50
159,mua túi xách nữ giá rẻ,50
160,mua túi xách nữ hàng hiệu,50
161,mua túi xách nữ đẹp,50
162,mẫu balo nữ đẹp 2020,50
163,mẫu túi xách cho phụ nữ trung niên,50
164,mẫu túi xách nữ đẹp,50
165,mẫu túi xách nữ đẹp 2020,50
166,mẫu túi xách nữ đẹp 2021,50
167,mẫu túi xách nữ đẹp 2023,50
168,mẫu túi xách đeo chéo đẹp,50
169,naha túi xách,50
170,những mẫu túi xách nữ đẹp,50
171,những mẫu ví nữ đẹp,50
172,những shop bán ví nữ đẹp,50
173,nên mua túi xách nữ hãng nào,50
174,phụ kiện túi xách nữ,50
175,phụ nữ và túi xách,50
176,quai túi xách nữ,50
177,quảng cáo túi xách nữ,50
178,shop balo nữ đẹp,50
179,shop ban tui xach nu,50
180,shop bán balo nữ đẹp,50
181,shop bán bóp ví nữ đẹp,0
182,shop bán túi xách công sở nữ,50
183,shop bán túi xách nữ,50
184,shop bán ví nữ,50
185,shop bán ví nữ đẹp,50
186,shop tui xach nu,50
187,shop túi nữ,50
188,shop túi xách nữ gần đây,50
189,shop ví nữ,50
190,shop ví nữ đẹp,50
191,size túi xách nữ,50
192,sỉ túi xách nữ,50
193,sỉ ví nữ,50
194,thanh lý túi xách nữ giá rẻ,50
195,the giới đồ da túi xách nữ,0
196,thương hiệu balo nữ,50
197,thương hiệu ceekay,500
198,thương hiệu ceekay của nước nào,50
199,thương hiệu foxer,50
200,thương hiệu túi xách nữ nổi tiếng,50
201,thương hiệu túi xách nữ tầm trung,50
202,thương hiệu ví nữ,50
203,thời trang hapas,50
204,thời trang túi xách nữ,50
205,tui da ca sau nu,50
206,tui da nu thoi trang,50
207,tui da nữ,50
208,tui da that nu,50
209,tui nu deo cheo,50
210,tui vai nu,50
211,tui xach ba lo nu,50
212,tui xach cam tay nu dep,50
213,tui xach cho nu,50
214,tui xach cong so nu,50
215,tui xach cong so nu cao cap,50
216,tui xach da ca sau nu,50
217,tui xach da nu,50
218,tui xach deo cheo nu,50
219,tui xach du tiec dep,50
220,tui xach dune,50
221,tui xach dung laptop nu,50
222,tui xach foxer,50
223,tui xach hana,500
224,tui xach n,50
225,tui xach naha,500
226,tui xach nu cao cap,50
227,tui xach nu cong so,50
228,tui xach nu da bo,50
229,tui xach nu da ca sau,50
230,tui xach nu da that,50
231,tui xach nu deo cheo,50
232,tui xach nu dep,50
233,tui xach nu dep sang trong,0
234,tui xach nu gia re,50
235,tui xach nu hang hieu,50
236,tui xach nu hang hieu cao cap,50
237,tui xach nu lv,50
238,tui xach nu mau trang,50
239,tui xach nu mini,50
240,tui xach nu thoi trang,50
241,tui xach nu to,50
242,tui xach nu trung nien dep,50
243,tui xach phu nu,50
244,tui xach quai cheo nu,50
245,tui xach tay nu,50
246,tui xach thoi trang nu,50
247,tui xach tron,50
248,tui xach vai bo cho nu,50
249,tui xách nu,500
250,tui xách nữ đẹp,5000
251,tuis xách nữ,50000
252,tuixachnu,50
253,túi apede mod chính hãng,50
254,túi caeisl kciel,50
255,túi cartelo nữ,50
256,túi ceekay chính hãng,50
257,túi da nữ nhỏ,50
258,túi da nữ xịn,50
259,túi da đeo chéo nữ đi học,50
260,túi danbaoly,50
261,túi dù đeo chéo nữ,50
262,túi foxer của nước nào,50
263,túi gc nữ,50
264,túi giovani nữ,50
265,túi hàng ceekay của nước nào,50
266,túi kaidifeiniroo,50
267,túi kaidifeiniroo chính hãng,50
268,túi kaleea,50
269,túi kẹp nách quai nhún,50
270,túi lacattura,50
271,túi lata chính hãng,50
272,túi luomeinisha,50
273,túi máy tính xách tay cho nữ,50
274,túi nevenka,50
275,túi nữ doodoo,0
276,túi nữ giovanni,50
277,túi nữ lv chéo cực đẹp,50
278,túi nữ trung niên,50
279,túi nữ xách tay,50
280,túi nữ đẹp 2021,0
281,túi thương hiệu foxer,50
282,túi tote đeo vai nữ,50
283,túi veobags,50
284,túi viney,50
285,túi ví nữ cao cấp,50
286,túi văn phòng nữ,50
287,túi xách ba lô nữ,50
288,túi xách bao tử nữ,50
289,túi xách bản to nữ,50
290,túi xách cao cấp nữ,50
291,túi xách ceekay,500
292,túi xách ceekay chính hãng,500
293,túi xách ceekay của nước nào,50
294,túi xách cho giáo viên nữ,50
295,túi xách cho học sinh nữ,50
296,túi xách cho nữ,500
297,túi xách cho nữ công sở,50
298,túi xách cho nữ trung niên,50
299,túi xách cho phụ nữ,50
300,túi xách cho phụ nữ trung niên,50
301,túi xách cho phụ nữ tuổi 50,50
302,túi xách cho phụ nữ tuổi 60,50
303,túi xách cho u40,50
304,túi xách chéo nữ,50
305,túi xách chéo vai nữ,50
306,túi xách clutch nữ,50
307,túi xách cá sấu nữ,50
308,túi xách cá tính cho nữ,50
309,túi xách công sở cho nữ,50
310,túi xách công sở nữ cao cấp,50
311,túi xách công sở nữ da thật,50
312,túi xách công sở nữ giá rẻ,50
313,túi xách công sở nữ loại lớn,50
314,túi xách công sở nữ size lớn,500
315,túi xách công sở nữ đẹp,50
316,túi xách cầm tay nữ,500
317,túi xách cầm tay nữ hàng hiệu,50
318,túi xách cỡ lớn nữ,50
319,túi xách của nữ,50
320,túi xách da beo nữ,50
321,túi xách da bò dozana,0
322,túi xách da bò nữ cao cấp,50
323,túi xách da cho nữ,50
324,túi xách da cá sấu nữ,500
325,túi xách da công sở nữ,50
326,túi xách da mềm nữ,50
327,túi xách da nữ cao cấp,50
328,túi xách da nữ công sở,50
329,túi xách da nữ handmade,50
330,túi xách da nữ hàng hiệu,50
331,túi xách da nữ đeo chéo,50
332,túi xách da nữ đẹp,50
333,túi xách da thật cao cấp velisa,50
334,túi xách da thật nữ,50
335,túi xách da thật nữ giảm giá,50
336,túi xách da đựng laptop cho nữ,500
337,túi xách danbaoly,50
338,túi xách doanh nhân nữ,50
339,túi xách doodoo,50
340,túi xách doodoo của nước nào,50
341,túi xách du lịch nữ đẹp,50
342,túi xách dành cho giáo viên nữ,50
343,túi xách dành cho phụ nữ 30 tuổi,50
344,túi xách dành cho phụ nữ 40 tuổi,50
345,túi xách dành cho phụ nữ trung niên,50
346,túi xách dành cho tuổi trung niên,50
347,túi xách dáng hộp vuông,50
348,túi xách dễ thương cho nữ,50
349,túi xách dự tiệc hàng hiệu,50
350,túi xách dự tiệc trung niên,50
351,túi xách forever young,50
352,túi xách forever young chính hãng,50
353,túi xách foxer,50
354,túi xách foxer chính hãng,50
355,túi xách foxer của nước nào,50
356,túi xách giovanni nữ,500
357,túi xách giáo viên nữ,500
358,túi xách hapas,5000
359,túi xách hiệu aimily,0
360,túi xách hiệu doodoo,50
361,túi xách hiệu nữ,50
362,túi xách hobo nữ,50
363,túi xách hàn quốc nữ,50
364,túi xách hàng hiệu cho nữ,50
365,túi xách hàng hiệu nữ,50
366,túi xách học sinh nữ,50
367,túi xách hộp nữ,50
368,túi xách jasmin noir,50
369,túi xách jean nữ,500
370,túi xách jingpinpj,50
371,túi xách kacana,50
372,túi xách kaidifeiniroo,50
373,túi xách kaleea,50
374,túi xách kangaroo nữ,50
375,túi xách kiêm balo nữ,50
376,túi xách kẹp nách,500
377,túi xách kẹp nách nữ,50
378,túi xách lacattura,50
379,túi xách laptop cho nữ,50
380,túi xách laptop nữ thời trang,50
381,túi xách laptop nữ đẹp,50
382,túi xách lớn nữ,50
383,túi xách mini nữ,50
384,túi xách mini đeo chéo,50
385,túi xách muzi & kai,50
386,túi xách máy tính nữ,50
387,túi xách nam nữ,50
388,túi xách naza,50
389,túi xách nevenka,0
390,túi xách nhỏ nữ,50
391,túi xách nữ 100k,50
392,túi xách nữ 2 ngăn,50
393,túi xách nữ 2 quai,50
394,túi xách nữ 2020,50
395,túi xách nữ 2021,0
396,túi xách nữ 2022,50
397,túi xách nữ 2023,50
398,túi xách nữ 40 tuổi,50
399,túi xách nữ 50k,50
400,túi xách nữ a4,50
401,túi xách nữ authentic,50
402,túi xách nữ basic,50
403,túi xách nữ big size,50
404,túi xách nữ bili,50
405,túi xách nữ bánh bèo,50
406,túi xách nữ bản to,50
407,túi xách nữ bằng da thật,50
408,túi xách nữ bằng vải,50
409,túi xách nữ cao cấp chính hãng,50
410,túi xách nữ cao cấp da thật,50
411,túi xách nữ cefiro,50
412,túi xách nữ cellini,50
413,túi xách nữ cho giới trẻ,50
414,túi xách nữ cho học sinh,50
415,túi xách nữ cho mẹ,50
416,túi xách nữ cho người trung tuổi,50
417,túi xách nữ cho tuổi trung niên,50
418,túi xách nữ chùa bộc,50
419,túi xách nữ classy,50
420,túi xách nữ cnk,50
421,túi xách nữ cute,500
422,túi xách nữ cá tính,50
423,túi xách nữ có dây đeo,50
424,túi xách nữ có khoá số,50
425,túi xách nữ có nơ,50
426,túi xách nữ công sở cao cấp,50
427,túi xách nữ công sở hàng hiệu lury shop,50
428,túi xách nữ công sở đẹp,50
429,túi xách nữ cầm tay,50
430,túi xách nữ cầm tay đẹp,50
431,túi xách nữ cỡ lớn,50
432,túi xách nữ cỡ trung,50
433,túi xách nữ của giovanni,50
434,túi xách nữ của mỹ,50
435,túi xách nữ da,50
436,túi xách nữ da bò,50
437,túi xách nữ da bò handmade,50
438,túi xách nữ da bò thật,50
439,túi xách nữ da bóng,50
440,túi xách nữ da cá sấu,50
441,túi xách nữ da cá sấu cao cấp,50
442,túi xách nữ da cá sấu thật,50
443,túi xách nữ da cá đuối,50
444,túi xách nữ da mềm,500
445,túi xách nữ da thật cao cấp,50
446,túi xách nữ da thật giá rẻ,50
447,túi xách nữ da thật hàng hiệu,50
448,túi xách nữ da đà điểu,50
449,túi xách nữ danbaoly,50
450,túi xách nữ du lịch,50
451,túi xách nữ dành cho sinh viên,50
452,túi xách nữ dáng to,50
453,túi xách nữ dây rút,50
454,túi xách nữ dây xích,50
455,túi xách nữ dây đeo bản to,50
456,túi xách nữ dưới 1 triệu,50
457,túi xách nữ dạng hộp,50
458,túi xách nữ dễ thương,500
459,túi xách nữ dự tiệc,50
460,túi xách nữ dự tiệc sang trọng,500
461,túi xách nữ format,50
462,túi xách nữ giogio,50
463,túi xách nữ giovanni,50
464,túi xách nữ giá sinh viên,50
465,túi xách nữ giá sỉ,50
466,túi xách nữ giảm giá,50
467,túi xách nữ gần đây,500
468,túi xách nữ handmade,50
469,túi xách nữ hang hieu,50
470,túi xách nữ hiệu,50
471,túi xách nữ hot,50
472,túi xách nữ hot trend,50
473,túi xách nữ hot trend 2020,50
474,túi xách nữ hot trend 2021,50
475,túi xách nữ hot trend 2022,50
476,túi xách nữ hàn quốc 2020,50
477,túi xách nữ hàn quốc 2021,50
478,túi xách nữ hàn quốc 2022,50
479,túi xách nữ hàn quốc giá rẻ,50
480,túi xách nữ hàng hiệu chính hãng,50
481,túi xách nữ hàng hiệu giá rẻ,50
482,túi xách nữ hàng hiệu giảm giá,50
483,túi xách nữ hàng hiệu mỹ,50
484,túi xách nữ hàng hiệu sale,50
485,túi xách nữ hàng hiệu secondhand,50
486,túi xách nữ hàng hiệu xl,50
487,túi xách nữ hàng hiệu xách tay,50
488,túi xách nữ hàng hiệu đẹp,50
489,túi xách nữ hàng si,50
490,túi xách nữ hàng thùng,50
491,túi xách nữ hãng nào tốt,50
492,túi xách nữ hình chữ nhật,50
493,túi xách nữ hình chữ nhật đứng,50
494,túi xách nữ hình hộp,50
495,túi xách nữ hình tròn,50
496,túi xách nữ hình trống,50
497,túi xách nữ học sinh,50
498,túi xách nữ hộp,50
499,túi xách nữ hộp vuông,50
500,túi xách nữ khổ a4,50
501,túi xách nữ kim tuyến,50
502,túi xách nữ kẹp nách,50
503,túi xách nữ kẻ caro,50
504,túi xách nữ lanvera,50
505,túi xách nữ lata,50
506,túi xách nữ latest way,50
507,túi xách nữ lesac,50
508,túi xách nữ loại lớn,50
509,túi xách nữ loại nhỏ,50
510,túi xách nữ loại to,50
511,túi xách nữ luxury,50
512,túi xách nữ lớn,50
513,túi xách nữ mini,500
514,túi xách nữ mini classy,0
515,túi xách nữ mini đẹp,50
516,túi xách nữ màu bạc,50
517,túi xách nữ màu cam,50
518,túi xách nữ màu hồng,50
519,túi xách nữ màu hồng phấn,50
520,túi xách nữ màu nâu,50
521,túi xách nữ màu trắng,500
522,túi xách nữ màu trắng đẹp,50
523,túi xách nữ màu tím,50
524,túi xách nữ màu vàng,50
525,túi xách nữ màu xanh,50
526,túi xách nữ màu xanh dương,50
527,túi xách nữ màu xanh lá cây,50
528,túi xách nữ màu xanh ngọc,50
529,túi xách nữ màu xanh rêu,50
530,túi xách nữ màu xám,50
531,túi xách nữ màu đen,50
532,túi xách nữ màu đỏ,50
533,túi xách nữ mẫu mới nhất,50
534,túi xách nữ mới nhất,50
535,túi xách nữ ngầu,50
536,túi xách nữ nhiều ngăn,50
537,túi xách nữ nhập khẩu,50
538,túi xách nữ nhỏ,50
539,túi xách nữ nhỏ gọn,500
540,túi xách nữ nhỏ xinh,50
541,túi xách nữ nhỏ xinh xắn,50
542,túi xách nữ nhỏ đẹp,50
543,túi xách nữ nổi tiếng,50
544,túi xách nữ oscar,50
545,túi xách nữ oversize,50
546,túi xách nữ panda,50
547,túi xách nữ phong cách hàn quốc,50
548,túi xách nữ quai chéo,50
549,túi xách nữ quang chau,500
550,túi xách nữ quảng châu,500
551,túi xách nữ rẻ,50
552,túi xách nữ rẻ đẹp,50
553,túi xách nữ sale,50
554,túi xách nữ sang chảnh,50
555,túi xách nữ sang trọng,50
556,túi xách nữ scorpion,50
557,túi xách nữ sinh,50
558,túi xách nữ sinh nhật bản,50
559,túi xách nữ sinh viên,50
560,túi xách nữ size 25,50
561,túi xách nữ size 35,50
562,túi xách nữ size lớn,50
563,túi xách nữ size nhỏ,50
564,túi xách nữ size to,50
565,túi xách nữ siêu cấp,50
566,túi xách nữ super fake,50
567,túi xách nữ sành điệu,50
568,túi xách nữ taobao,50
569,túi xách nữ thoi trang,500
570,túi xách nữ thương hiệu,50
571,túi xách nữ thời trang cao cấp,50
572,túi xách nữ thời trang hàn quốc,50
573,túi xách nữ tiếng anh,50
574,túi xách nữ to bản,50
575,túi xách nữ to da mềm,50
576,túi xách nữ tote,50
577,túi xách nữ trong suốt,50
578,túi xách nữ trung tuổi,50
579,túi xách nữ tròn,50
580,túi xách nữ trắng,50
581,túi xách nữ trẻ em,50
582,túi xách nữ trẻ trung,500
583,túi xách nữ tuổi 50,50
584,túi xách nữ tuổi trung niên,50
585,túi xách nữ u40,50
586,túi xách nữ velisa,50
587,túi xách nữ vintage,50
588,túi xách nữ vnxk,50
589,túi xách nữ vuông,50
590,túi xách nữ văn phòng,50
591,túi xách nữ vải,50
592,túi xách nữ vải bố,50
593,túi xách nữ vải dù,50
594,túi xách nữ vải dù cao cấp,500
595,túi xách nữ xinh,50
596,túi xách nữ xl,50
597,túi xách nữ xuất khẩu,50
598,túi xách nữ xịn,50
599,túi xách nữ đang hot,50
600,túi xách nữ đen,50
601,túi xách nữ đeo chéo cá tính,50
602,túi xách nữ đeo chéo dây xích,50
603,túi xách nữ đeo chéo giá rẻ,50
604,túi xách nữ đeo chéo hàn quốc,50
605,túi xách nữ đeo chéo hàng hiệu,50
606,túi xách nữ đeo chéo nhỏ,50
607,túi xách nữ đeo chéo đi chơi,50
608,túi xách nữ đeo chéo đơn giản,50
609,túi xách nữ đeo vai,50
610,túi xách nữ đi biển,50
611,túi xách nữ đi chơi,50
612,túi xách nữ đi chơi tết,50
613,túi xách nữ đi du lịch,50
614,túi xách nữ đi dạy học,50
615,túi xách nữ đi dự tiệc,50
616,túi xách nữ đi học,50
617,túi xách nữ đi học giá rẻ,50
618,túi xách nữ đi học thêm,50
619,túi xách nữ đi làm,50
620,túi xách nữ đi tiệc,50
621,túi xách nữ đi đám cưới,50
622,túi xách nữ đính đá,50
623,túi xách nữ đơn giản,50
624,túi xách nữ đầu rồng,50
625,túi xách nữ đẹp 2020,50
626,túi xách nữ đẹp 2021,50
627,túi xách nữ đẹp 2022,50
628,túi xách nữ đẹp 2023,50
629,túi xách nữ đẹp cao cấp,50
630,túi xách nữ đẹp giá rẻ,50
631,túi xách nữ đẹp hàng hiệu,50
632,túi xách nữ đẹp hàng hiệu xuất khẩu,50
633,túi xách nữ đẹp rẻ,50
634,túi xách nữ đẹp sang trọng,500
635,túi xách nữ đẹp trẻ trung,50
636,túi xách nữ độc lạ,50
637,túi xách nữ đựng giấy a4,50
638,túi xách nữ đựng laptop,50
639,túi xách nữ đựng vừa a4,50
640,túi xách nữ đựng vừa laptop,50
641,túi xách nữ đựng điện thoại,50
642,túi xách nữ đựng được giấy a4,50
643,túi xách nữ đựng được laptop,50
644,túi xách phụ nữ,50
645,túi xách phụ nữ trung niên,50
646,túi xách polo nữ,50
647,túi xách polo nữ chính hãng,50
648,túi xách quai chéo nữ dễ thương,50
649,túi xách sinh viên nữ,50
650,túi xách size lớn nữ,50
651,túi xách tay cho nữ,50
652,túi xách tay du lịch nữ,50
653,túi xách tay nhỏ nữ,50
654,túi xách tay nữ cao cấp,50
655,túi xách tay nữ giá rẻ,50
656,túi xách tay nữ nhỏ,50
657,túi xách tay nữ đẹp,50
658,túi xách thêu tay nữ,50
659,túi xách thể thao nữ,50
660,túi xách thổ cẩm nữ,50
661,túi xách thời trang nữ,500
662,túi xách thời trang nữ hàng hiệu,50
663,túi xách thời trang nữ đẹp,50
664,túi xách to nữ,50
665,túi xách tosoco,50
666,túi xách tote nữ,50
667,túi xách toutou,50
668,túi xách trung niên đẹp,50
669,túi xách tròn nữ,50
670,túi xách trắng nữ,50
671,túi xách trẻ em nữ,50
672,túi xách trống nữ,50
673,túi xách tuổi trung niên,50
674,túi xách vanoca,50
675,túi xách velisa,50
676,túi xách veobags,50
677,túi xách viney,50
678,túi xách vuông nữ,500
679,túi xách ví nữ,50
680,túi xách văn phòng nữ,50
681,túi xách vải bố nữ,50
682,túi xách vải dù nữ,50
683,túi xách vải nữ,50
684,túi xách xl nữ,50
685,túi xách đen nữ,50
686,túi xách đeo chéo cho nữ,50
687,túi xách đeo chéo cute,50
688,túi xách đeo chéo hàn quốc,50
689,túi xách đeo chéo nhỏ gọn xinh xắn,50
690,túi xách đeo chéo nữ cao cấp,50
691,túi xách đeo chéo nữ hàng hiệu,50
692,túi xách đeo chéo nữ mini,50
693,túi xách đeo chéo nữ đẹp,50
694,túi xách đeo chéo đi học,50
695,túi xách đeo chéo đẹp,50
696,túi xách đeo nữ,50
697,túi xách đeo vai nữ,50
698,túi xách đeo vai nữ cao cấp,50
699,túi xách đeo vai nữ đẹp,50
700,túi xách đi biển cho nữ,50
701,túi xách đi chơi cho nữ,50
702,túi xách đi du lịch nữ,50
703,túi xách đi dạy nữ,50
704,túi xách đi học nữ,50
705,túi xách đi làm cho nữ,50
706,túi xách đi làm nữ,50
707,túi xách đẹp cho nữ công sở,50
708,túi xách đẹp cho phụ nữ trung niên,50
709,túi xách đẹp cho tuổi trung niên,50
710,túi xách đẹp hàng hiệu,50
711,túi xách đẹp nữ,50
712,túi xách đựng ipad cho nữ,50
713,túi xách đựng laptop cho nữ,50
714,túi xách đựng tài liệu nữ,50
715,túi xách đựng vừa a4,50
716,túi đeo chéo dáng thuyền,50
717,túi đeo chéo dự tiệc,50
718,túi đeo chéo naha,50
719,túi đeo chéo nữ cỡ lớn,50
720,túi đeo chéo nữ handmade,50
721,túi đeo chéo nữ đi tiệc,50
722,túi đeo công sở nữ,50
723,túi đeo nách nữ,50
724,túi đeo nữ cao cấp,50
725,túi đeo tay nữ,50
726,túi đeo vai kẹp nách,50
727,túi đựng máy tính xách tay nữ,50
728,velisa túi xách,50
729,ví lesac,500
730,ví nữ authentic,50
731,ví nữ có dây đeo,50
732,ví nữ lesac,50
733,ví nữ mini đeo chéo,50
734,ví nữ xách tay,50
735,ví túi xách nữ,50
736,ví vanoca,50
737,ví xách tay nữ,50
738,ví đeo chéo nữ,50
739,ví đeo nữ,50
740,xách nữ,50
