,Keyword,Avg. monthly searches,Competition (indexed value)
514,túi xách nữ mini classy,0,
389,túi xách nevenka,0,
395,túi xách nữ 2021,0,
359,túi xách hiệu aimily,0,
321,túi xách da bò dozana,0,
275,túi nữ doodoo,0,
280,túi nữ đẹp 2021,0,
233,tui xach nu dep sang trong,0,
195,the giới đồ da túi xách nữ,0,
181,shop bán bóp ví nữ đẹp,0,
147,hãng túi xách foxer,0,
704,túi xách đi học nữ,50,78.0
27,túi xách nữ da bò xịn,50,50.0
737,ví xách tay nữ,50,98.0
664,túi xách to nữ,50,100.0
663,túi xách thời trang nữ đẹp,50,100.0
662,túi xách thời trang nữ hàng hiệu,50,100.0
628,túi xách nữ đẹp 2023,50,
627,túi xách nữ đẹp 2022,50,
626,túi xách nữ đẹp 2021,50,
625,túi xách nữ đẹp 2020,50,
624,túi xách nữ đầu rồng,50,
655,túi xách tay nữ giá rẻ,50,
654,túi xách tay nữ cao cấp,50,100.0
653,túi xách tay nhỏ nữ,50,100.0
652,túi xách tay du lịch nữ,50,100.0
651,túi xách tay cho nữ,50,100.0
714,túi xách đựng tài liệu nữ,50,100.0
713,túi xách đựng laptop cho nữ,50,100.0
734,ví nữ xách tay,50,100.0
733,ví nữ mini đeo chéo,50,100.0
732,ví nữ lesac,50,100.0
731,ví nữ có dây đeo,50,100.0
730,ví nữ authentic,50,100.0
728,velisa túi xách,50,
727,túi đựng máy tính xách tay nữ,50,100.0
726,túi đeo vai kẹp nách,50,100.0
725,túi đeo tay nữ,50,100.0
724,túi đeo nữ cao cấp,50,100.0
738,ví đeo chéo nữ,50,100.0
739,ví đeo nữ,50,100.0
740,xách nữ,50,100.0
705,túi xách đi làm cho nữ,50,100.0
61,balo nữ màu xanh,50,100.0
60,balo nữ màu vàng,50,100.0
59,balo nữ màu tím,50,100.0
58,balo nữ hồng,50,67.0
57,balo nữ hãng nào đẹp,50,100.0
56,balo nữ hàng hiệu xách tay,50,100.0
55,balo nữ giá rẻ dưới 100k,50,100.0
54,balo nữ công sở,50,100.0
53,balo nu hang hieu,50,100.0
52,balo mini đeo chéo nữ,50,
51,balo kiêm túi xách nữ,50,100.0
50,balo da nữ màu đen,50,50.0
49,balo da nữ chính hãng,50,100.0
48,balo công sở nữ đẹp,50,100.0
47,balo chính hãng nữ,50,100.0
46,balo chéo nữ,50,100.0
77,bop xach tay nu,50,100.0
76,balo đựng macbook cho nữ,50,100.0
75,balo đựng ipad nữ,50,100.0
74,balo đeo nữ,50,100.0
73,balo đeo lưng nữ,50,100.0
72,balo đeo chéo nữ đi học,50,100.0
71,balo đeo chéo nữ,50,97.0
70,balo nữ xuất khẩu,50,
69,balo nữ trẻ em,50,
68,balo nữ to,50,83.0
67,balo nữ siêu nhẹ,50,100.0
66,balo nữ size lớn,50,
65,balo nữ màu đỏ,50,
64,balo nữ màu xám,50,
63,balo nữ màu xanh rêu,50,100.0
62,balo nữ màu xanh dương,50,93.0
94,các hãng ví nữ,50,100.0
93,các hãng túi xách nữ đẹp,50,100.0
91,các hãng túi xách nữ nổi tiếng,50,100.0
90,các hãng túi xách nữ giá bình dân,50,100.0
89,các hãng túi xách nữ bình dân,50,100.0
88,các hiệu túi xách nữ,50,100.0
87,chỗ bán ví nữ đẹp,50,71.0
86,ceekay của nước nào,50,90.0
85,ceekay bag của nước nào,50,
84,cac mau tui xach dep,50,100.0
83,bóp đầm túi xách nữ,50,100.0
82,bóp đeo nữ,50,100.0
81,bóp xách tay nữ,50,100.0
80,bóp túi xách nữ,50,
79,bóp nữ đeo vai,50,86.0
78,bán túi xách nữ,50,100.0
111,cách đeo dây balo forever young,50,
110,các thương hiệu ví nữ nổi tiếng,50,100.0
109,các thương hiệu ví nữ,50,100.0
108,các thương hiệu túi xách nữ nổi tiếng,50,82.0
107,các thương hiệu túi xách nữ bình dân,50,100.0
106,các thương hiệu túi xách nữ,50,100.0
105,các thương hiệu balo nữ nổi tiếng,50,100.0
104,các shop bán ví nữ đẹp trên instagram,50,
103,các shop bán ví nữ đẹp,50,100.0
102,các mẫu túi xách nữ đẹp,50,100.0
101,các mẫu túi xách nữ,50,100.0
100,các loại túi xách nữ hàng hiệu,50,100.0
98,các kiểu túi xách đeo chéo đẹp,50,100.0
97,các kiểu túi xách nữ đẹp,50,100.0
96,các kiểu túi xách nữ,50,100.0
95,các hãng ví nữ nổi tiếng,50,100.0
709,túi xách đẹp cho tuổi trung niên,50,100.0
676,túi xách veobags,50,
675,túi xách velisa,50,69.0
674,túi xách vanoca,50,100.0
673,túi xách tuổi trung niên,50,100.0
672,túi xách trống nữ,50,100.0
703,túi xách đi dạy nữ,50,100.0
702,túi xách đi du lịch nữ,50,100.0
701,túi xách đi chơi cho nữ,50,100.0
700,túi xách đi biển cho nữ,50,100.0
699,túi xách đeo vai nữ đẹp,50,100.0
698,túi xách đeo vai nữ cao cấp,50,100.0
697,túi xách đeo vai nữ,50,100.0
115,cặp sách nữ đẹp,50,100.0
113,cặp da nữ hàng hiệu,50,
112,cách đeo túi xách nữ,50,0.0
129,gio xach nu thoi trang,50,100.0
128,gio xach nu,50,100.0
127,giay nu hang hieu xach tay,50,
126,foxer túi xách,50,50.0
125,dây đeo túi xách nữ,50,100.0
124,cửa hàng ví nữ,50,88.0
122,cửa hàng túi xách nữ,50,100.0
121,cửa hàng bán ví nữ,50,100.0
120,cửa hàng bán túi xách nữ,50,100.0
119,cặp xách đeo chéo nữ,50,
118,cặp xách tay nữ,50,100.0
117,cặp xách mini nữ,50,
116,cặp sách đẹp cho nữ,50,100.0
712,túi xách đựng ipad cho nữ,50,100.0
711,túi xách đẹp nữ,50,100.0
710,túi xách đẹp hàng hiệu,50,100.0
145,hãng túi ceekay của nước nào,50,80.0
144,hãng túi ceekay,50,98.0
175,phụ nữ và túi xách,50,
143,hiệu túi xách nữ,50,100.0
141,giỏ đựng laptop nữ,50,100.0
140,giỏ xách tay nữ,50,100.0
139,giỏ xách nữ thời trang,50,
138,giỏ xách nữ cao cấp,50,100.0
137,giỏ xách du lịch nữ,50,100.0
136,giỏ xách da nữ,50,100.0
135,giỏ cầm tay nữ,50,
134,giảm giá túi xách nữ,50,0.0
133,giá túi xách nữ,50,100.0
132,giá túi lesac,50,93.0
131,giá túi da cá sấu nữ,50,89.0
130,giovanni túi xách nữ,50,100.0
163,mẫu túi xách cho phụ nữ trung niên,50,100.0
162,mẫu balo nữ đẹp 2020,50,
161,mua túi xách nữ đẹp,50,100.0
160,mua túi xách nữ hàng hiệu,50,100.0
191,size túi xách nữ,50,75.0
159,mua túi xách nữ giá rẻ,50,0.0
158,mua tui xach nu o dau dep va re,50,100.0
157,mua tui xach nu,50,100.0
156,mau tui xach nu,50,0.0
154,lata túi xách,50,78.0
153,kích thước túi xách nữ,50,55.0
152,jasmin noir túi xách của nước nào,50,
151,jasmin noir túi xách,50,72.0
150,hãng ví nữ nổi tiếng,50,100.0
149,hãng túi xách nữ nổi tiếng,50,100.0
146,hãng túi lesac,50,97.0
178,shop balo nữ đẹp,50,100.0
177,quảng cáo túi xách nữ,50,
176,quai túi xách nữ,50,100.0
207,tui da nữ,50,100.0
206,tui da nu thoi trang,50,
174,phụ kiện túi xách nữ,50,
173,nên mua túi xách nữ hãng nào,50,89.0
172,những shop bán ví nữ đẹp,50,
171,những mẫu ví nữ đẹp,50,
170,những mẫu túi xách nữ đẹp,50,98.0
169,naha túi xách,50,85.0
168,mẫu túi xách đeo chéo đẹp,50,
167,mẫu túi xách nữ đẹp 2023,50,0.0
166,mẫu túi xách nữ đẹp 2021,50,
165,mẫu túi xách nữ đẹp 2020,50,
164,mẫu túi xách nữ đẹp,50,98.0
194,thanh lý túi xách nữ giá rẻ,50,
193,sỉ ví nữ,50,
192,sỉ túi xách nữ,50,100.0
222,tui xach foxer,50,93.0
221,tui xach dung laptop nu,50,100.0
190,shop ví nữ đẹp,50,
189,shop ví nữ,50,100.0
188,shop túi xách nữ gần đây,50,86.0
187,shop túi nữ,50,76.0
186,shop tui xach nu,50,
185,shop bán ví nữ đẹp,50,
184,shop bán ví nữ,50,100.0
183,shop bán túi xách nữ,50,100.0
182,shop bán túi xách công sở nữ,50,100.0
180,shop bán balo nữ đẹp,50,
179,shop ban tui xach nu,50,
211,tui xach ba lo nu,50,
210,tui vai nu,50,100.0
209,tui nu deo cheo,50,83.0
208,tui da that nu,50,
239,tui xach nu mini,50,100.0
238,tui xach nu mau trang,50,
237,tui xach nu lv,50,100.0
205,tui da ca sau nu,50,
204,thời trang túi xách nữ,50,100.0
203,thời trang hapas,50,89.0
202,thương hiệu ví nữ,50,100.0
201,thương hiệu túi xách nữ tầm trung,50,100.0
200,thương hiệu túi xách nữ nổi tiếng,50,100.0
199,thương hiệu foxer,50,100.0
198,thương hiệu ceekay của nước nào,50,50.0
196,thương hiệu balo nữ,50,100.0
227,tui xach nu cong so,50,100.0
226,tui xach nu cao cap,50,100.0
224,tui xach n,50,100.0
255,túi cartelo nữ,50,100.0
254,túi caeisl kciel,50,
253,túi apede mod chính hãng,50,
252,tuixachnu,50,67.0
220,tui xach dune,50,95.0
219,tui xach du tiec dep,50,100.0
218,tui xach deo cheo nu,50,100.0
217,tui xach da nu,50,100.0
216,tui xach da ca sau nu,50,
215,tui xach cong so nu cao cap,50,100.0
214,tui xach cong so nu,50,100.0
213,tui xach cho nu,50,100.0
212,tui xach cam tay nu dep,50,
243,tui xach phu nu,50,100.0
242,tui xach nu trung nien dep,50,100.0
241,tui xach nu to,50,
240,tui xach nu thoi trang,50,0.0
271,túi lata chính hãng,50,
270,túi lacattura,50,
269,túi kẹp nách quai nhún,50,
268,túi kaleea,50,100.0
236,tui xach nu hang hieu cao cap,50,100.0
235,tui xach nu hang hieu,50,100.0
234,tui xach nu gia re,50,
232,tui xach nu dep,50,100.0
231,tui xach nu deo cheo,50,100.0
230,tui xach nu da that,50,100.0
229,tui xach nu da ca sau,50,100.0
228,tui xach nu da bo,50,100.0
262,túi foxer của nước nào,50,79.0
261,túi dù đeo chéo nữ,50,100.0
260,túi danbaoly,50,100.0
259,túi da đeo chéo nữ đi học,50,100.0
258,túi da nữ xịn,50,100.0
257,túi da nữ nhỏ,50,
256,túi ceekay chính hãng,50,100.0
287,túi xách ba lô nữ,50,100.0
286,túi văn phòng nữ,50,100.0
285,túi ví nữ cao cấp,50,100.0
284,túi viney,50,100.0
248,tui xach vai bo cho nu,50,
247,tui xach tron,50,100.0
246,tui xach thoi trang nu,50,93.0
245,tui xach tay nu,50,100.0
244,tui xach quai cheo nu,50,
277,túi nữ lv chéo cực đẹp,50,100.0
276,túi nữ giovanni,50,100.0
274,túi nevenka,50,
273,túi máy tính xách tay cho nữ,50,
272,túi luomeinisha,50,100.0
303,túi xách cho u40,50,100.0
302,túi xách cho phụ nữ tuổi 60,50,100.0
301,túi xách cho phụ nữ tuổi 50,50,99.0
300,túi xách cho phụ nữ trung niên,50,100.0
299,túi xách cho phụ nữ,50,100.0
298,túi xách cho nữ trung niên,50,95.0
267,túi kaidifeiniroo chính hãng,50,100.0
266,túi kaidifeiniroo,50,100.0
265,túi hàng ceekay của nước nào,50,
264,túi giovani nữ,50,
263,túi gc nữ,50,99.0
297,túi xách cho nữ công sở,50,
295,túi xách cho học sinh nữ,50,77.0
294,túi xách cho giáo viên nữ,50,100.0
293,túi xách ceekay của nước nào,50,97.0
290,túi xách cao cấp nữ,50,100.0
289,túi xách bản to nữ,50,100.0
288,túi xách bao tử nữ,50,100.0
319,túi xách của nữ,50,100.0
318,túi xách cỡ lớn nữ,50,93.0
317,túi xách cầm tay nữ hàng hiệu,50,100.0
315,túi xách công sở nữ đẹp,50,100.0
283,túi veobags,50,14.0
282,túi tote đeo vai nữ,50,100.0
281,túi thương hiệu foxer,50,
279,túi nữ xách tay,50,100.0
278,túi nữ trung niên,50,100.0
313,túi xách công sở nữ loại lớn,50,100.0
312,túi xách công sở nữ giá rẻ,50,100.0
311,túi xách công sở nữ da thật,50,
310,túi xách công sở nữ cao cấp,50,100.0
309,túi xách công sở cho nữ,50,100.0
308,túi xách cá tính cho nữ,50,100.0
307,túi xách cá sấu nữ,50,100.0
306,túi xách clutch nữ,50,82.0
305,túi xách chéo vai nữ,50,
304,túi xách chéo nữ,50,100.0
335,túi xách da thật nữ giảm giá,50,100.0
334,túi xách da thật nữ,50,100.0
333,túi xách da thật cao cấp velisa,50,61.0
332,túi xách da nữ đẹp,50,100.0
331,túi xách da nữ đeo chéo,50,100.0
330,túi xách da nữ hàng hiệu,50,100.0
361,túi xách hiệu nữ,50,100.0
329,túi xách da nữ handmade,50,100.0
328,túi xách da nữ công sở,50,100.0
327,túi xách da nữ cao cấp,50,100.0
326,túi xách da mềm nữ,50,100.0
325,túi xách da công sở nữ,50,100.0
323,túi xách da cho nữ,50,100.0
322,túi xách da bò nữ cao cấp,50,100.0
320,túi xách da beo nữ,50,100.0
351,túi xách forever young,50,78.0
350,túi xách dự tiệc trung niên,50,100.0
349,túi xách dự tiệc hàng hiệu,50,100.0
348,túi xách dễ thương cho nữ,50,92.0
347,túi xách dáng hộp vuông,50,100.0
346,túi xách dành cho tuổi trung niên,50,100.0
345,túi xách dành cho phụ nữ trung niên,50,
693,túi xách đeo chéo nữ đẹp,50,73.0
660,túi xách thổ cẩm nữ,50,98.0
659,túi xách thể thao nữ,50,100.0
658,túi xách thêu tay nữ,50,100.0
657,túi xách tay nữ đẹp,50,100.0
656,túi xách tay nữ nhỏ,50,
687,túi xách đeo chéo cute,50,
686,túi xách đeo chéo cho nữ,50,100.0
685,túi xách đen nữ,50,100.0
684,túi xách xl nữ,50,100.0
683,túi xách vải nữ,50,99.0
682,túi xách vải dù nữ,50,100.0
681,túi xách vải bố nữ,50,100.0
364,túi xách hàng hiệu cho nữ,50,100.0
363,túi xách hàn quốc nữ,50,100.0
362,túi xách hobo nữ,50,85.0
378,túi xách lacattura,50,
377,túi xách kẹp nách nữ,50,100.0
344,túi xách dành cho phụ nữ 40 tuổi,50,100.0
343,túi xách dành cho phụ nữ 30 tuổi,50,100.0
342,túi xách dành cho giáo viên nữ,50,97.0
341,túi xách du lịch nữ đẹp,50,100.0
340,túi xách doodoo của nước nào,50,
339,túi xách doodoo,50,90.0
338,túi xách doanh nhân nữ,50,100.0
337,túi xách danbaoly,50,95.0
367,túi xách hộp nữ,50,100.0
366,túi xách học sinh nữ,50,100.0
365,túi xách hàng hiệu nữ,50,100.0
696,túi xách đeo nữ,50,100.0
695,túi xách đeo chéo đẹp,50,100.0
694,túi xách đeo chéo đi học,50,100.0
397,túi xách nữ 2023,50,100.0
396,túi xách nữ 2022,50,
394,túi xách nữ 2020,50,
393,túi xách nữ 2 quai,50,100.0
392,túi xách nữ 2 ngăn,50,100.0
391,túi xách nữ 100k,50,
360,túi xách hiệu doodoo,50,
355,túi xách foxer của nước nào,50,57.0
354,túi xách foxer chính hãng,50,100.0
353,túi xách foxer,50,93.0
352,túi xách forever young chính hãng,50,
383,túi xách mini nữ,50,99.0
382,túi xách lớn nữ,50,100.0
381,túi xách laptop nữ đẹp,50,
380,túi xách laptop nữ thời trang,50,100.0
379,túi xách laptop cho nữ,50,100.0
412,túi xách nữ cellini,50,100.0
411,túi xách nữ cefiro,50,
410,túi xách nữ cao cấp da thật,50,100.0
409,túi xách nữ cao cấp chính hãng,50,100.0
408,túi xách nữ bằng vải,50,100.0
407,túi xách nữ bằng da thật,50,64.0
406,túi xách nữ bản to,50,100.0
375,túi xách kiêm balo nữ,50,57.0
374,túi xách kangaroo nữ,50,100.0
373,túi xách kaleea,50,100.0
372,túi xách kaidifeiniroo,50,100.0
371,túi xách kacana,50,51.0
370,túi xách jingpinpj,50,80.0
368,túi xách jasmin noir,50,14.0
399,túi xách nữ 50k,50,
398,túi xách nữ 40 tuổi,50,79.0
428,túi xách nữ công sở đẹp,50,100.0
427,túi xách nữ công sở hàng hiệu lury shop,50,50.0
426,túi xách nữ công sở cao cấp,50,82.0
425,túi xách nữ có nơ,50,100.0
424,túi xách nữ có khoá số,50,100.0
423,túi xách nữ có dây đeo,50,100.0
422,túi xách nữ cá tính,50,81.0
390,túi xách nhỏ nữ,50,92.0
388,túi xách naza,50,100.0
387,túi xách nam nữ,50,100.0
386,túi xách máy tính nữ,50,100.0
385,túi xách muzi & kai,50,91.0
384,túi xách mini đeo chéo,50,64.0
415,túi xách nữ cho mẹ,50,100.0
414,túi xách nữ cho học sinh,50,100.0
413,túi xách nữ cho giới trẻ,50,100.0
445,túi xách nữ da thật cao cấp,50,0.0
443,túi xách nữ da cá đuối,50,0.0
442,túi xách nữ da cá sấu thật,50,100.0
441,túi xách nữ da cá sấu cao cấp,50,96.0
440,túi xách nữ da cá sấu,50,100.0
439,túi xách nữ da bóng,50,79.0
438,túi xách nữ da bò thật,50,100.0
405,túi xách nữ bánh bèo,50,100.0
404,túi xách nữ bili,50,0.0
403,túi xách nữ big size,50,0.0
402,túi xách nữ basic,50,100.0
401,túi xách nữ authentic,50,100.0
400,túi xách nữ a4,50,100.0
431,túi xách nữ cỡ lớn,50,100.0
430,túi xách nữ cầm tay đẹp,50,100.0
429,túi xách nữ cầm tay,50,100.0
432,túi xách nữ cỡ trung,50,100.0
463,túi xách nữ giovanni,50,100.0
462,túi xách nữ giogio,50,100.0
461,túi xách nữ format,50,100.0
459,túi xách nữ dự tiệc,50,100.0
457,túi xách nữ dạng hộp,50,92.0
456,túi xách nữ dưới 1 triệu,50,100.0
455,túi xách nữ dây đeo bản to,50,96.0
454,túi xách nữ dây xích,50,100.0
420,túi xách nữ cnk,50,100.0
419,túi xách nữ classy,50,
418,túi xách nữ chùa bộc,50,
417,túi xách nữ cho tuổi trung niên,50,100.0
416,túi xách nữ cho người trung tuổi,50,89.0
447,túi xách nữ da thật hàng hiệu,50,
446,túi xách nữ da thật giá rẻ,50,
448,túi xách nữ da đà điểu,50,100.0
479,túi xách nữ hàn quốc giá rẻ,50,100.0
478,túi xách nữ hàn quốc 2022,50,100.0
477,túi xách nữ hàn quốc 2021,50,
476,túi xách nữ hàn quốc 2020,50,
475,túi xách nữ hot trend 2022,50,100.0
474,túi xách nữ hot trend 2021,50,
473,túi xách nữ hot trend 2020,50,
472,túi xách nữ hot trend,50,100.0
471,túi xách nữ hot,50,100.0
470,túi xách nữ hiệu,50,100.0
437,túi xách nữ da bò handmade,50,100.0
436,túi xách nữ da bò,50,100.0
435,túi xách nữ da,50,100.0
434,túi xách nữ của mỹ,50,100.0
433,túi xách nữ của giovanni,50,100.0
464,túi xách nữ giá sinh viên,50,
495,túi xách nữ hình tròn,50,92.0
494,túi xách nữ hình hộp,50,100.0
493,túi xách nữ hình chữ nhật đứng,50,92.0
492,túi xách nữ hình chữ nhật,50,100.0
491,túi xách nữ hãng nào tốt,50,100.0
490,túi xách nữ hàng thùng,50,
489,túi xách nữ hàng si,50,100.0
488,túi xách nữ hàng hiệu đẹp,50,100.0
487,túi xách nữ hàng hiệu xách tay,50,
486,túi xách nữ hàng hiệu xl,50,100.0
453,túi xách nữ dây rút,50,100.0
452,túi xách nữ dáng to,50,
451,túi xách nữ dành cho sinh viên,50,
450,túi xách nữ du lịch,50,100.0
449,túi xách nữ danbaoly,50,
481,túi xách nữ hàng hiệu giá rẻ,50,100.0
480,túi xách nữ hàng hiệu chính hãng,50,100.0
511,túi xách nữ luxury,50,100.0
510,túi xách nữ loại to,50,100.0
509,túi xách nữ loại nhỏ,50,100.0
508,túi xách nữ loại lớn,50,100.0
507,túi xách nữ lesac,50,100.0
506,túi xách nữ latest way,50,100.0
505,túi xách nữ lata,50,100.0
504,túi xách nữ lanvera,50,
503,túi xách nữ kẻ caro,50,
502,túi xách nữ kẹp nách,50,100.0
469,túi xách nữ hang hieu,50,
468,túi xách nữ handmade,50,91.0
466,túi xách nữ giảm giá,50,100.0
465,túi xách nữ giá sỉ,50,100.0
498,túi xách nữ hộp,50,100.0
497,túi xách nữ học sinh,50,100.0
496,túi xách nữ hình trống,50,90.0
527,túi xách nữ màu xanh lá cây,50,87.0
526,túi xách nữ màu xanh dương,50,97.0
525,túi xách nữ màu xanh,50,67.0
524,túi xách nữ màu vàng,50,100.0
523,túi xách nữ màu tím,50,100.0
522,túi xách nữ màu trắng đẹp,50,100.0
520,túi xách nữ màu nâu,50,100.0
519,túi xách nữ màu hồng phấn,50,
518,túi xách nữ màu hồng,50,84.0
485,túi xách nữ hàng hiệu secondhand,50,100.0
484,túi xách nữ hàng hiệu sale,50,100.0
483,túi xách nữ hàng hiệu mỹ,50,100.0
482,túi xách nữ hàng hiệu giảm giá,50,71.0
516,túi xách nữ màu bạc,50,100.0
515,túi xách nữ mini đẹp,50,100.0
512,túi xách nữ lớn,50,100.0
543,túi xách nữ nổi tiếng,50,
542,túi xách nữ nhỏ đẹp,50,100.0
541,túi xách nữ nhỏ xinh xắn,50,17.0
540,túi xách nữ nhỏ xinh,50,95.0
538,túi xách nữ nhỏ,50,100.0
537,túi xách nữ nhập khẩu,50,
536,túi xách nữ nhiều ngăn,50,100.0
535,túi xách nữ ngầu,50,100.0
534,túi xách nữ mới nhất,50,100.0
533,túi xách nữ mẫu mới nhất,50,100.0
501,túi xách nữ kim tuyến,50,100.0
500,túi xách nữ khổ a4,50,
499,túi xách nữ hộp vuông,50,100.0
677,túi xách viney,50,100.0
644,túi xách phụ nữ,50,100.0
643,túi xách nữ đựng được laptop,50,100.0
642,túi xách nữ đựng được giấy a4,50,100.0
641,túi xách nữ đựng điện thoại,50,100.0
640,túi xách nữ đựng vừa laptop,50,100.0
671,túi xách trẻ em nữ,50,94.0
670,túi xách trắng nữ,50,100.0
669,túi xách tròn nữ,50,100.0
668,túi xách trung niên đẹp,50,100.0
667,túi xách toutou,50,86.0
666,túi xách tote nữ,50,100.0
665,túi xách tosoco,50,
552,túi xách nữ rẻ đẹp,50,100.0
551,túi xách nữ rẻ,50,100.0
517,túi xách nữ màu cam,50,50.0
566,túi xách nữ super fake,50,100.0
565,túi xách nữ siêu cấp,50,100.0
532,túi xách nữ màu đỏ,50,100.0
531,túi xách nữ màu đen,50,100.0
530,túi xách nữ màu xám,50,100.0
529,túi xách nữ màu xanh rêu,50,
528,túi xách nữ màu xanh ngọc,50,100.0
559,túi xách nữ sinh viên,50,33.0
558,túi xách nữ sinh nhật bản,50,0.0
557,túi xách nữ sinh,50,51.0
556,túi xách nữ scorpion,50,100.0
555,túi xách nữ sang trọng,50,100.0
554,túi xách nữ sang chảnh,50,100.0
553,túi xách nữ sale,50,100.0
680,túi xách văn phòng nữ,50,100.0
679,túi xách ví nữ,50,50.0
584,túi xách nữ tuổi trung niên,50,100.0
583,túi xách nữ tuổi 50,50,100.0
581,túi xách nữ trẻ em,50,80.0
548,túi xách nữ quai chéo,50,100.0
547,túi xách nữ phong cách hàn quốc,50,100.0
546,túi xách nữ panda,50,
545,túi xách nữ oversize,50,
544,túi xách nữ oscar,50,100.0
575,túi xách nữ to da mềm,50,100.0
574,túi xách nữ to bản,50,100.0
573,túi xách nữ tiếng anh,50,20.0
572,túi xách nữ thời trang hàn quốc,50,100.0
571,túi xách nữ thời trang cao cấp,50,100.0
570,túi xách nữ thương hiệu,50,100.0
568,túi xách nữ taobao,50,94.0
567,túi xách nữ sành điệu,50,
600,túi xách nữ đen,50,100.0
599,túi xách nữ đang hot,50,
598,túi xách nữ xịn,50,100.0
597,túi xách nữ xuất khẩu,50,100.0
564,túi xách nữ size to,50,100.0
563,túi xách nữ size nhỏ,50,100.0
562,túi xách nữ size lớn,50,100.0
561,túi xách nữ size 35,50,100.0
560,túi xách nữ size 25,50,100.0
591,túi xách nữ vải,50,100.0
590,túi xách nữ văn phòng,50,100.0
589,túi xách nữ vuông,50,100.0
588,túi xách nữ vnxk,50,
587,túi xách nữ vintage,50,100.0
586,túi xách nữ velisa,50,
585,túi xách nữ u40,50,100.0
616,túi xách nữ đi học,50,85.0
615,túi xách nữ đi dự tiệc,50,100.0
614,túi xách nữ đi dạy học,50,
613,túi xách nữ đi du lịch,50,100.0
580,túi xách nữ trắng,50,100.0
579,túi xách nữ tròn,50,87.0
578,túi xách nữ trung tuổi,50,100.0
577,túi xách nữ trong suốt,50,100.0
576,túi xách nữ tote,50,100.0
607,túi xách nữ đeo chéo đi chơi,50,98.0
606,túi xách nữ đeo chéo nhỏ,50,100.0
605,túi xách nữ đeo chéo hàng hiệu,50,100.0
604,túi xách nữ đeo chéo hàn quốc,50,100.0
603,túi xách nữ đeo chéo giá rẻ,50,100.0
602,túi xách nữ đeo chéo dây xích,50,100.0
601,túi xách nữ đeo chéo cá tính,50,44.0
633,túi xách nữ đẹp rẻ,50,100.0
632,túi xách nữ đẹp hàng hiệu xuất khẩu,50,33.0
631,túi xách nữ đẹp hàng hiệu,50,100.0
630,túi xách nữ đẹp giá rẻ,50,100.0
629,túi xách nữ đẹp cao cấp,50,100.0
596,túi xách nữ xl,50,100.0
595,túi xách nữ xinh,50,100.0
593,túi xách nữ vải dù,50,86.0
592,túi xách nữ vải bố,50,
623,túi xách nữ đơn giản,50,100.0
622,túi xách nữ đính đá,50,100.0
621,túi xách nữ đi đám cưới,50,100.0
620,túi xách nữ đi tiệc,50,100.0
619,túi xách nữ đi làm,50,100.0
618,túi xách nữ đi học thêm,50,100.0
617,túi xách nữ đi học giá rẻ,50,
650,túi xách size lớn nữ,50,92.0
649,túi xách sinh viên nữ,50,
648,túi xách quai chéo nữ dễ thương,50,
647,túi xách polo nữ chính hãng,50,100.0
646,túi xách polo nữ,50,100.0
645,túi xách phụ nữ trung niên,50,100.0
612,túi xách nữ đi chơi tết,50,100.0
611,túi xách nữ đi chơi,50,100.0
610,túi xách nữ đi biển,50,100.0
609,túi xách nữ đeo vai,50,100.0
608,túi xách nữ đeo chéo đơn giản,50,
639,túi xách nữ đựng vừa a4,50,100.0
638,túi xách nữ đựng laptop,50,100.0
637,túi xách nữ đựng giấy a4,50,
636,túi xách nữ độc lạ,50,100.0
635,túi xách nữ đẹp trẻ trung,50,80.0
45,bachhoaonline68,50,34.0
41,túi xách tay nữ hàng hiệu,50,100.0
39,túi xachs nữ,50,100.0
38,túi da cá sấu nữ,50,100.0
36,mẫu túi xách nữ đẹp 2022,50,
736,ví vanoca,50,100.0
692,túi xách đeo chéo nữ mini,50,100.0
691,túi xách đeo chéo nữ hàng hiệu,50,100.0
690,túi xách đeo chéo nữ cao cấp,50,100.0
689,túi xách đeo chéo nhỏ gọn xinh xắn,50,100.0
688,túi xách đeo chéo hàn quốc,50,100.0
719,túi đeo chéo nữ cỡ lớn,50,
718,túi đeo chéo naha,50,100.0
717,túi đeo chéo dự tiệc,50,100.0
716,túi đeo chéo dáng thuyền,50,88.0
715,túi xách đựng vừa a4,50,
706,túi xách đi làm nữ,50,100.0
707,túi xách đẹp cho nữ công sở,50,100.0
708,túi xách đẹp cho phụ nữ trung niên,50,100.0
720,túi đeo chéo nữ handmade,50,100.0
721,túi đeo chéo nữ đi tiệc,50,100.0
722,túi đeo công sở nữ,50,100.0
723,túi đeo nách nữ,50,100.0
735,ví túi xách nữ,50,100.0
16,túi xách laptop nữ,500,100.0
17,túi xách nữ chính hãng,500,100.0
18,túi xách trung niên,500,100.0
19,các hãng túi xách nữ,500,100.0
15,túi xách nữ đeo chéo,500,100.0
14,túi xách tay nữ,500,100.0
13,túi xách da nữ,500,100.0
12,túi xách nữ da thật,500,100.0
11,mua túi xách nữ,500,100.0
10,thương hiệu túi xách nữ,500,100.0
9,tui xach nu,500,99.0
8,túi xách công sở nữ,500,100.0
7,túi xách nữ hàn quốc,500,100.0
6,túi da nữ,500,100.0
5,mua túi xách nữ hàng hiệu giảm giá,500,100.0
31,túi xách đeo chéo nữ,500,100.0
582,túi xách nữ trẻ trung,500,100.0
30,shop túi xách nữ,500,100.0
29,túi xách nữ size lớn hàng hiệu,500,100.0
28,túi xách đựng laptop nữ,500,100.0
26,túi xách du lịch nữ,500,100.0
661,túi xách thời trang nữ,500,100.0
634,túi xách nữ đẹp sang trọng,500,95.0
594,túi xách nữ vải dù cao cấp,500,100.0
549,túi xách nữ quang chau,500,99.0
569,túi xách nữ thoi trang,500,100.0
678,túi xách vuông nữ,500,100.0
550,túi xách nữ quảng châu,500,99.0
539,túi xách nữ nhỏ gọn,500,100.0
513,túi xách nữ mini,500,100.0
521,túi xách nữ màu trắng,500,93.0
467,túi xách nữ gần đây,500,90.0
99,các loại túi xách nữ,500,67.0
460,túi xách nữ dự tiệc sang trọng,500,100.0
458,túi xách nữ dễ thương,500,99.0
421,túi xách nữ cute,500,97.0
444,túi xách nữ da mềm,500,100.0
369,túi xách jean nữ,500,100.0
357,túi xách giáo viên nữ,500,100.0
356,túi xách giovanni nữ,500,100.0
296,túi xách cho nữ,500,100.0
376,túi xách kẹp nách,500,100.0
336,túi xách da đựng laptop cho nữ,500,100.0
324,túi xách da cá sấu nữ,500,100.0
291,túi xách ceekay,500,99.0
292,túi xách ceekay chính hãng,500,100.0
316,túi xách cầm tay nữ,500,100.0
314,túi xách công sở nữ size lớn,500,100.0
44,túi xách đẹp cho nữ,500,100.0
249,tui xách nu,500,99.0
197,thương hiệu ceekay,500,93.0
225,tui xach naha,500,100.0
223,tui xach hana,500,65.0
155,lesac ví,500,89.0
142,hapas túi xách,500,87.0
148,hãng túi xách nữ,500,100.0
43,balo túi xách nữ,500,100.0
92,các hãng túi xách nữ tầm trung,500,100.0
123,cửa hàng túi xách nữ gần đây,500,100.0
114,cặp sách nữ,500,98.0
34,balo công sở nữ,500,100.0
3,túi xách nữ hàng hiệu cao cấp,500,100.0
40,túi xách nữ to,500,100.0
42,túi xách nữ hàng quảng châu cao cấp,500,100.0
25,túi xách công sở nữ đựng laptop,500,100.0
24,túi xách nữ công sở,500,100.0
23,túi xách nữ giá rẻ,500,99.0
729,ví lesac,500,100.0
35,túi xách da bò nữ,500,100.0
20,shop balo nữ,500,100.0
32,túi xách mini nữ hàng hiệu,500,100.0
33,túi xách công sở nữ hàng hiệu,500,100.0
21,túi xách nữ trung niên,500,100.0
22,mẫu túi xách nữ,500,100.0
358,túi xách hapas,5000,100.0
4,túi xách nữ cao cấp,5000,100.0
1,túi xách nữ hàng hiệu,5000,60.0
250,tui xách nữ đẹp,5000,100.0
2,túi xách nữ đẹp,5000,100.0
251,tuis xách nữ,50000,100.0
0,túi xách nữ,50000,100.0
37,tui xách nữ,50000,100.0
